,id,father,mother,gender,trait,SNP_01,SNP_02,SNP_03,SNP_04,SNP_05,SNP_06,SNP_07,SNP_08,SNP_09,SNP_10,SNP_11,SNP_12,SNP_13,SNP_14,SNP_15,class
0,TRAIN_000,0,0,0,2,G G,A G,A A,G A,C A,A A,A A,G G,A A,G G,A G,A A,A A,A A,A A,B
1,TRAIN_001,0,0,0,2,A G,A G,C A,A A,A A,A G,A A,G A,A A,A G,A A,G A,G G,A A,A A,C
2,TRAIN_002,0,0,0,2,G G,G G,A A,G A,C C,G G,A A,G A,G A,A G,A A,A A,A A,A A,A A,B
3,TRAIN_003,0,0,0,1,A A,G G,A A,G A,A A,G G,G G,A A,G G,A G,G G,G G,G G,A A,G G,A
4,TRAIN_004,0,0,0,2,G G,G G,C C,A A,C C,A A,A A,A A,A A,G G,A A,A A,A G,A A,G A,C
5,TRAIN_005,0,0,0,2,G G,G G,C A,A A,C C,A A,A A,G A,A A,G G,A A,A A,A A,A A,A A,B
6,TRAIN_006,0,0,0,2,G G,A G,C A,G A,A A,A G,A A,G G,A A,G G,A G,A A,A G,A A,A A,B
7,TRAIN_007,0,0,0,2,G G,G G,C C,G A,C C,A A,G A,G A,A A,G G,A A,G A,A A,A A,G G,B
8,TRAIN_008,0,0,0,2,G G,A A,C A,G G,C A,A A,A A,G A,A A,G G,A G,A A,A G,A A,A A,B
9,TRAIN_009,0,0,0,2,G G,G G,C A,A A,C C,A G,A A,G G,A A,A G,A G,A A,G G,A A,G G,C
10,TRAIN_010,0,0,0,2,G G,A G,C A,G A,C A,A G,A A,G A,G A,G G,A G,A A,A G,A A,A A,B
11,TRAIN_011,0,0,0,2,G G,A G,C C,G A,C A,A G,A A,G G,A A,G G,A A,G A,A G,A A,A A,B
12,TRAIN_012,0,0,0,2,G G,A G,C C,A A,A A,A G,A A,G A,A A,G G,A A,A A,A G,A A,G G,C
13,TRAIN_013,0,0,0,2,A G,A A,C A,G A,A A,G G,A A,A A,A A,A A,A A,A A,A G,A A,A A,C
14,TRAIN_014,0,0,0,2,G G,G G,A A,G G,C C,A A,G A,G A,A A,G G,A A,A A,A G,A A,A A,B
15,TRAIN_015,0,0,0,1,A A,G G,A A,G G,A A,G G,G G,A A,G G,A G,A G,G A,G G,C C,G G,A
16,TRAIN_016,0,0,0,1,A A,G G,A A,G G,A A,G G,G G,A A,G A,G G,A G,G G,G G,C A,G G,A
17,TRAIN_017,0,0,0,1,A G,A G,A A,G G,C A,A G,G A,A A,G A,A G,G G,G A,G G,A A,G G,A
19,TRAIN_019,0,0,0,2,G G,A G,A A,A A,C A,A G,A A,G A,A A,A G,A G,A A,A G,C A,G A,C
20,TRAIN_020,0,0,0,2,G G,A G,C A,G A,A A,A G,A A,G G,A A,G G,A G,A A,A G,A A,G G,B
21,TRAIN_021,0,0,0,2,G G,A G,C C,A A,C C,A G,A A,G G,A A,G G,G G,A A,A G,A A,G A,B
22,TRAIN_022,0,0,0,1,A A,G G,A A,G A,A A,G G,G G,A A,G G,A G,G G,G G,G G,C A,G G,A
23,TRAIN_023,0,0,0,2,G G,A G,C C,G A,C A,A G,A A,G G,A A,G G,A A,A A,A A,A A,G A,B
24,TRAIN_024,0,0,0,2,G G,A A,C C,A A,A A,A A,A A,G A,A A,G G,A A,A A,A G,A A,A A,C
25,TRAIN_025,0,0,0,2,G G,A G,A A,G A,C C,A A,A A,G G,A A,G G,G G,A A,A G,A A,A A,B
26,TRAIN_026,0,0,0,2,G G,G G,C C,G A,C C,A A,A A,G A,A A,G G,A A,G A,A G,A A,A A,B
27,TRAIN_027,0,0,0,2,G G,G G,A A,A A,C C,A G,A A,G A,G A,G G,A G,A A,G G,A A,A A,B
28,TRAIN_028,0,0,0,2,G G,G G,C C,G A,C A,A G,A A,G G,A A,G G,A A,A A,A G,A A,A A,B
29,TRAIN_029,0,0,0,1,A G,G G,A A,G A,A A,G G,G G,A A,G A,A A,G G,G G,G G,A A,G G,A
30,TRAIN_030,0,0,0,2,G G,A G,C C,A A,C C,A A,A A,G G,A A,G G,A A,G A,G G,A A,G A,B
31,TRAIN_031,0,0,0,1,A A,G G,A A,G G,A A,A G,G A,A A,A A,A A,G G,G G,A G,C C,G G,A
32,TRAIN_032,0,0,0,2,G G,A G,C C,G A,C A,A G,A A,G G,A A,G G,A G,A A,A A,A A,A A,B
33,TRAIN_033,0,0,0,2,A G,G G,A A,G A,C C,A G,G A,G A,G A,G G,A G,G A,A A,A A,A A,B
34,TRAIN_034,0,0,0,1,A A,A G,A A,G A,C A,A G,G A,A A,G A,A A,G G,G G,G G,A A,G A,A
35,TRAIN_035,0,0,0,2,A A,A A,A A,A A,C A,A A,A A,G A,A A,G G,A A,A A,A A,A A,G A,C
36,TRAIN_036,0,0,0,2,G G,A G,A A,G A,A A,A A,A A,G A,A A,G G,A A,A A,G G,A A,A A,B
37,TRAIN_037,0,0,0,1,A A,G G,A A,G A,A A,G G,G G,G A,A A,A A,G G,G G,G G,C A,G G,A
38,TRAIN_038,0,0,0,2,G G,A A,C C,G A,C C,G G,A A,G G,A A,G G,G G,G A,A G,A A,A A,B
39,TRAIN_039,0,0,0,2,G G,A A,C C,A A,C A,A G,A A,G G,A A,G G,G G,A A,G G,A A,G A,B
40,TRAIN_040,0,0,0,2,G G,A G,C A,A A,C A,A A,A A,G A,A A,G G,A A,A A,A A,A A,G A,B
41,TRAIN_041,0,0,0,2,G G,A G,C A,A A,C C,A G,A A,G G,A A,G G,A G,G A,A G,A A,A A,B
42,TRAIN_042,0,0,0,2,G G,A A,C A,G A,C A,A G,A A,G G,A A,A G,A A,G A,A G,A A,G A,B
43,TRAIN_043,0,0,0,1,A A,A G,A A,G G,A A,G G,G G,A A,G G,A A,G G,G A,A G,C A,G G,A
44,TRAIN_044,0,0,0,2,G G,A A,A A,G A,C A,A G,A A,A A,A A,G G,A G,G A,A G,A A,A A,C
45,TRAIN_045,0,0,0,2,G G,A G,A A,G A,C C,A G,A A,G A,G A,G G,A G,A A,A G,A A,G A,B
46,TRAIN_046,0,0,0,2,G G,A A,C A,G A,C A,A A,A A,G A,A A,G G,G G,G A,G G,A A,A A,B
47,TRAIN_047,0,0,0,1,A A,G G,A A,G A,C A,G G,G A,A A,A A,A A,G G,G G,G G,C C,G G,A
48,TRAIN_048,0,0,0,2,G G,A G,C A,A A,C A,A A,G A,G A,A A,A G,A A,A A,A A,A A,A A,C
50,TRAIN_050,0,0,0,1,A A,G G,A A,A A,C A,A G,G A,A A,A A,A G,A G,G G,G G,C C,G A,A
51,TRAIN_051,0,0,0,2,G G,A A,A A,A A,C A,A A,G A,G A,A A,G G,A A,A A,A G,A A,G A,C
52,TRAIN_052,0,0,0,1,A A,G G,A A,G G,A A,G G,G G,G A,G A,A G,G G,G A,G G,C A,G A,A
53,TRAIN_053,0,0,0,2,G G,A A,A A,A A,C A,A G,G A,G G,A A,A G,A G,A A,G G,A A,G A,C
54,TRAIN_054,0,0,0,2,G G,A G,C A,G A,C C,A G,G A,G G,A A,G G,A G,G A,A A,A A,G A,B
55,TRAIN_055,0,0,0,2,G G,A A,C A,G A,C A,G G,A A,G A,G A,G G,A G,A A,A G,A A,A A,B
57,TRAIN_057,0,0,0,1,A A,G G,A A,G G,A A,G G,G G,A A,G A,A G,G G,G G,G G,C C,G A,A
58,TRAIN_058,0,0,0,2,G G,A G,C C,A A,A A,G G,A A,A A,A A,G G,A A,A A,G G,A A,G A,C
59,TRAIN_059,0,0,0,2,A A,A A,C A,A A,C A,A A,A A,G A,A A,A A,A A,A A,A G,A A,A A,C
60,TRAIN_060,0,0,0,2,G G,A G,C C,A A,C C,G G,A A,G G,A A,G G,A G,A A,G G,A A,A A,B
61,TRAIN_061,0,0,0,1,A A,G G,A A,G A,A A,G G,G G,G A,A A,A G,G G,G G,G G,A A,G G,A
62,TRAIN_062,0,0,0,2,A A,A G,A A,A A,C A,G G,A A,A A,A A,G G,A G,G A,A G,C A,A A,C
63,TRAIN_063,0,0,0,2,A G,A A,A A,A A,C A,A A,A A,G A,A A,G G,A A,A A,G G,A A,A A,C
64,TRAIN_064,0,0,0,1,A G,G G,A A,G A,A A,G G,G G,A A,G A,A G,G G,G G,G G,C A,G G,A
65,TRAIN_065,0,0,0,2,A A,A A,A A,A A,C A,G G,A A,A A,A A,G G,A A,G A,G G,A A,G A,C
66,TRAIN_066,0,0,0,2,G G,A A,C C,A A,C A,A A,G A,G A,A A,G G,A A,G A,A G,A A,A A,C
67,TRAIN_067,0,0,0,1,A A,G G,A A,G G,A A,G G,G G,A A,G A,A G,G G,G G,G G,C C,G G,A
68,TRAIN_068,0,0,0,2,G G,G G,C A,G G,C A,A G,A A,G G,A A,G G,A G,A A,A A,A A,A A,B
69,TRAIN_069,0,0,0,2,G G,A A,A A,A A,A A,A A,G A,G A,A A,G G,A G,A A,G G,A A,A A,C
70,TRAIN_070,0,0,0,2,A G,A A,C A,A A,C A,A G,A A,G A,A A,A G,A A,A A,G G,A A,A A,C
71,TRAIN_071,0,0,0,2,A G,A G,C A,A A,C A,A G,A A,A A,A A,A G,A G,A A,G G,C A,G A,C
72,TRAIN_072,0,0,0,1,A A,G G,A A,G A,C A,G G,G A,A A,G A,A A,G G,G G,G G,C C,G G,A
73,TRAIN_073,0,0,0,2,A G,A A,A A,G A,C A,G G,A A,G G,A A,G G,A G,A A,G G,A A,G A,B
74,TRAIN_074,0,0,0,2,G G,A G,C A,G A,C C,A A,A A,G A,A A,G G,A G,A A,G G,A A,G A,B
75,TRAIN_075,0,0,0,2,A G,G G,C A,A A,C A,A G,A A,G G,A A,G G,A G,G A,A A,A A,G A,B
76,TRAIN_076,0,0,0,2,G G,A A,A A,G A,A A,A G,A A,G G,G A,A G,A A,A A,G G,C A,A A,C
77,TRAIN_077,0,0,0,2,G G,G G,C A,A A,C C,A G,A A,G A,A A,G G,A G,A A,A A,A A,A A,B
78,TRAIN_078,0,0,0,2,G G,A A,C A,A A,C A,A A,G A,G G,A A,G G,A A,A A,A G,A A,G A,C
79,TRAIN_079,0,0,0,1,A A,G G,A A,G A,A A,G G,G G,A A,A A,A A,G G,G G,G G,C A,G G,A
80,TRAIN_080,0,0,0,2,A G,G G,C A,A A,C C,A G,A A,G A,A A,G G,A G,A A,A G,A A,A A,B
81,TRAIN_081,0,0,0,2,G G,A G,C A,A A,C C,A G,A A,A A,G A,G G,A A,G A,A G,A A,A A,B
82,TRAIN_082,0,0,0,2,A G,A A,A A,A A,C A,A G,A A,A A,A A,A A,A A,A A,A G,C A,A A,C
83,TRAIN_083,0,0,0,1,A G,G G,A A,G A,A A,G G,G G,A A,G A,A A,G G,G G,G G,C C,G G,A
84,TRAIN_084,0,0,0,2,G G,A A,C C,A A,A A,A A,G A,G G,A A,G G,A A,G A,G G,A A,A A,C
85,TRAIN_085,0,0,0,1,A A,G G,A A,G A,A A,A G,G A,A A,A A,A G,G G,G G,G G,C C,G A,A
86,TRAIN_086,0,0,0,2,G G,A A,C A,A A,C C,A A,A A,A A,A A,A A,A G,A A,A A,C C,A A,C
87,TRAIN_087,0,0,0,2,G G,A A,C A,A A,A A,A G,A A,G A,A A,G G,A G,A A,A G,A A,G A,C
88,TRAIN_088,0,0,0,2,G G,A G,A A,A A,C A,A G,G A,G A,A A,G G,A G,A A,A A,A A,G A,C
89,TRAIN_089,0,0,0,2,G G,G G,A A,A A,C A,A A,A A,G A,A A,G G,A A,A A,A G,A A,A A,B
90,TRAIN_090,0,0,0,2,G G,A G,C A,A A,C A,G G,A A,G G,G A,G G,A G,G A,A A,A A,A A,B
92,TRAIN_092,0,0,0,2,G G,A A,C C,A A,A A,A G,A A,G A,A A,G G,A A,A A,G G,A A,G G,C
93,TRAIN_093,0,0,0,2,G G,G G,C A,A A,C C,A G,A A,G A,A A,G G,A G,A A,A A,A A,G G,C
94,TRAIN_094,0,0,0,2,G G,A G,C A,A A,C C,A A,A A,G G,A A,G G,A G,A A,A G,A A,A A,B
95,TRAIN_095,0,0,0,2,G G,A G,C A,A A,C C,A G,A A,G A,G A,G G,A A,A A,A A,A A,A A,B
96,TRAIN_096,0,0,0,2,A G,A G,C C,G A,A A,A A,A A,G G,A A,G G,A A,G A,G G,C A,G A,C
97,TRAIN_097,0,0,0,1,A A,G G,A A,G A,C A,A G,G A,G A,A A,A G,G G,G G,G G,C A,G G,A
98,TRAIN_098,0,0,0,1,A G,G G,A A,G A,A A,G G,G G,A A,A A,G G,G G,G A,G G,C A,G A,A
99,TRAIN_099,0,0,0,2,A G,G G,C C,A A,C C,A G,A A,G G,G A,G G,G G,G A,A G,A A,G A,B
100,TRAIN_100,0,0,0,1,A G,G G,A A,G G,A A,G G,G G,A A,G G,A A,G G,G A,G G,C A,G A,A
101,TRAIN_101,0,0,0,2,G G,G G,C C,G A,C C,A G,A A,G G,A A,G G,G G,G A,A G,A A,G A,B
102,TRAIN_102,0,0,0,1,A G,G G,A A,G G,C A,A G,G A,A A,G A,A A,G G,G A,G G,C A,A A,A
103,TRAIN_103,0,0,0,2,G G,A A,C A,A A,C C,A G,A A,G G,A A,G G,A A,A A,A G,A A,G A,B
105,TRAIN_105,0,0,0,2,A G,G G,C A,A A,A A,A G,A A,G G,A A,G G,A A,G A,A A,A A,A A,B
106,TRAIN_106,0,0,0,1,G G,G G,A A,G A,A A,A G,G G,A A,A A,A G,G G,G G,G G,C A,G G,A
107,TRAIN_107,0,0,0,2,G G,A A,C A,G A,C A,G G,A A,G G,A A,G G,A G,G G,G G,A A,A A,B
108,TRAIN_108,0,0,0,2,G G,A A,C A,A A,A A,A G,A A,G G,A A,G G,G G,A A,G G,A A,A A,B
109,TRAIN_109,0,0,0,2,A G,A A,C C,G A,C A,A G,A A,A A,A A,G G,A A,A A,G G,A A,G A,C
110,TRAIN_110,0,0,0,2,G G,A A,C A,G A,A A,A G,A A,G G,A A,G G,A A,A A,A G,A A,G A,B
111,TRAIN_111,0,0,0,2,G G,A G,C C,G A,C C,A A,A A,G A,A A,G G,A G,G A,A G,A A,G A,B
112,TRAIN_112,0,0,0,2,A G,A G,C A,G G,C C,A G,A A,G G,A A,A G,A A,A A,A A,A A,G A,B
113,TRAIN_113,0,0,0,2,A G,A G,C C,A A,C C,A G,A A,G G,G A,G G,A G,G A,A A,A A,A A,B
114,TRAIN_114,0,0,0,2,G G,G G,C A,A A,C A,A G,A A,G G,A A,G G,A G,A A,A G,A A,A A,B
115,TRAIN_115,0,0,0,2,G G,A G,C A,A A,A A,A G,A A,G A,A A,G G,A G,G A,A G,A A,A A,B
116,TRAIN_116,0,0,0,2,G G,A G,A A,G G,C C,A A,A A,G A,A A,G G,A A,A A,A A,A A,A A,B
117,TRAIN_117,0,0,0,1,A A,G G,A A,G G,A A,G G,G G,A A,G A,A A,G G,G G,G G,C C,G G,A
118,TRAIN_118,0,0,0,2,A G,G G,A A,A A,C A,G G,A A,A A,A A,A A,A G,A A,A G,A A,G A,C
119,TRAIN_119,0,0,0,2,A G,G G,C A,G A,A A,A A,A A,G G,A A,G G,A A,G A,A G,A A,G A,C
120,TRAIN_120,0,0,0,2,G G,A G,C A,G A,C C,A A,A A,A A,A A,G G,G G,A A,G G,A A,A A,B
121,TRAIN_121,0,0,0,2,G G,G G,C A,A A,C C,A G,A A,G G,A A,G G,A G,A A,A G,A A,G A,B
122,TRAIN_122,0,0,0,2,G G,A A,A A,A A,C A,G G,A A,G A,A A,A A,G G,A A,A G,A A,G A,C
123,TRAIN_123,0,0,0,1,A G,A G,A A,G G,A A,G G,G G,A A,G G,A A,G G,G A,G G,C A,G A,A
124,TRAIN_124,0,0,0,1,A A,G G,A A,G G,A A,A G,G A,A A,G G,A A,G G,G G,G G,C C,G G,A
125,TRAIN_125,0,0,0,2,G G,G G,C A,G A,C C,A A,A A,G G,A A,G G,A A,A A,A A,A A,G A,B
126,TRAIN_126,0,0,0,2,G G,G G,C A,G A,C A,A G,A A,G A,A A,G G,A A,A A,A G,A A,A A,B
127,TRAIN_127,0,0,0,1,A A,G G,A A,G G,A A,G G,G G,G A,G A,A G,G G,G A,G G,C A,G A,A
128,TRAIN_128,0,0,0,2,G G,A G,A A,A A,C A,A G,A A,G A,A A,A G,A A,G A,A G,A A,G A,C
129,TRAIN_129,0,0,0,2,G G,A G,C A,A A,A A,A G,G A,G A,A A,G G,A G,A A,A A,A A,A A,C
130,TRAIN_130,0,0,0,2,G G,A G,C A,A A,C A,A G,A A,A A,A A,A G,A A,G A,G G,A A,G A,C
131,TRAIN_131,0,0,0,1,A A,G G,A A,G A,A A,G G,G G,G A,G A,A G,G G,G A,G G,A A,G A,A
132,TRAIN_132,0,0,0,2,G G,G G,C C,G A,C A,G G,A A,G G,A A,G G,G G,A A,G G,A A,G A,B
133,TRAIN_133,0,0,0,2,G G,A G,C A,A A,C C,G G,A A,A A,A A,A A,A A,G A,G G,A A,G A,C
134,TRAIN_134,0,0,0,1,A A,G G,A A,G G,A A,G G,G G,A A,G G,A G,A G,G G,G G,C C,G G,A
135,TRAIN_135,0,0,0,2,G G,A G,C C,A A,C C,A A,A A,G G,G A,G G,A G,G A,G G,A A,A A,B
136,TRAIN_136,0,0,0,2,A G,A G,A A,A A,C C,G G,A A,A A,A A,A G,A G,A A,A G,C A,G A,C
137,TRAIN_137,0,0,0,1,A A,G G,A A,G G,A A,G G,G G,G A,A A,A A,G G,G A,G G,C A,G A,A
138,TRAIN_138,0,0,0,2,A A,A G,C A,A A,A A,A G,A A,G A,A A,G G,A A,A A,A A,A A,A A,C
139,TRAIN_139,0,0,0,2,G G,G G,C A,G A,C C,A A,A A,G G,A A,G G,A A,A A,A A,A A,G A,B
141,TRAIN_141,0,0,0,2,G G,A G,C A,A A,A A,A G,A A,G A,A A,A G,A G,A A,G G,C A,G G,C
142,TRAIN_142,0,0,0,2,A G,A G,A A,A A,C A,A G,A A,A A,A A,A G,A G,A A,A G,C A,G A,C
143,TRAIN_143,0,0,0,2,A G,A G,A A,G G,C C,A G,A A,G G,A A,G G,A A,A A,A A,A A,A A,B
144,TRAIN_144,0,0,0,2,G G,A G,C A,A A,C C,A A,A A,G A,A A,G G,A A,A A,A A,A A,G A,B
145,TRAIN_145,0,0,0,2,A G,A A,C A,A A,C C,A A,A A,G G,G A,G G,G G,A A,A A,A A,G A,B
146,TRAIN_146,0,0,0,2,A G,A A,A A,A A,C A,A A,A A,G A,A A,A A,A A,A A,A G,C A,G A,C
147,TRAIN_147,0,0,0,2,A G,A G,C A,A A,C C,A A,A A,A A,A A,A G,A G,A A,G G,C A,G A,C
148,TRAIN_148,0,0,0,1,A G,G G,A A,G A,C A,A G,G A,A A,G A,A A,G G,G A,G G,C A,A A,A
149,TRAIN_149,0,0,0,2,G G,A G,C C,A A,C C,A A,A A,G G,G A,G G,G G,A A,A A,A A,G A,B
151,TRAIN_151,0,0,0,2,A G,A G,C A,A A,C A,A G,A A,G A,A A,A G,A A,A A,A A,A A,G A,C
152,TRAIN_152,0,0,0,2,G G,A A,C A,A A,C A,A G,A A,G A,A A,G G,A G,G A,A G,A A,A A,C
153,TRAIN_153,0,0,0,2,A G,A A,C A,A A,A A,A G,G A,G A,A A,G G,A A,A A,G G,A A,A A,C
154,TRAIN_154,0,0,0,2,A G,A G,C C,A A,C A,A G,A A,G G,A A,G G,A G,A A,A G,A A,G A,B
155,TRAIN_155,0,0,0,1,A A,G G,A A,A A,A A,A G,G G,G A,A A,A G,G G,G G,G G,C A,G G,A
156,TRAIN_156,0,0,0,2,G G,A G,C C,G A,C C,A A,A A,G A,A A,G G,G G,A A,A G,A A,A A,B
157,TRAIN_157,0,0,0,2,G G,G G,C A,A A,C C,G G,A A,G A,G A,G G,G G,A A,A G,A A,A A,B
158,TRAIN_158,0,0,0,2,G G,G G,C A,G G,C A,G G,A A,G G,A A,G G,G G,A A,G G,A A,G A,B
159,TRAIN_159,0,0,0,2,G G,G G,C A,G A,C C,A G,G A,G A,A A,G G,A G,A A,A G,A A,A A,B
160,TRAIN_160,0,0,0,2,A G,A A,C C,G A,C C,A G,A A,G A,A A,G G,A A,G A,A G,A A,A A,B
161,TRAIN_161,0,0,0,1,A A,G G,A A,G A,C A,A G,G A,A A,G A,A A,A G,G G,G G,C A,G A,A
162,TRAIN_162,0,0,0,2,G G,G G,C C,A A,C C,A G,A A,G A,A A,G G,A G,A A,A G,A A,G A,B
163,TRAIN_163,0,0,0,2,A G,G G,C A,A A,C C,A G,A A,A A,A A,G G,A A,A A,A G,C A,G A,C
164,TRAIN_164,0,0,0,2,G G,A G,C A,G A,C A,G G,A A,G A,G A,G G,A G,A A,G G,A A,A A,B
165,TRAIN_165,0,0,0,2,G G,A G,A A,A A,C A,A G,A A,A A,G A,G G,A A,A A,A A,A A,A A,B
167,TRAIN_167,0,0,0,1,A A,G G,A A,G G,A A,G G,G G,G A,G A,A G,G G,G G,G G,C A,G G,A
169,TRAIN_169,0,0,0,2,G G,A A,C A,A A,C A,A A,A A,G A,A A,A A,A A,A A,A G,A A,G A,C
170,TRAIN_170,0,0,0,2,A G,A A,C C,A A,A A,A A,G A,G G,A A,A G,A A,A A,G G,A A,G A,C
171,TRAIN_171,0,0,0,1,A G,G G,A A,G G,A A,G G,G G,A A,G G,A A,G G,G A,G G,C C,G A,A
172,TRAIN_172,0,0,0,1,A G,A G,A A,G A,C A,A G,G A,A A,G A,A G,G G,G G,G G,C A,G G,A
173,TRAIN_173,0,0,0,2,G G,A G,A A,A A,A A,A A,G A,G G,A A,G G,A G,G A,A G,A A,A A,C
174,TRAIN_174,0,0,0,2,G G,A G,A A,A A,A A,A G,A A,G A,A A,G G,A A,G A,A G,A A,A A,C
175,TRAIN_175,0,0,0,2,G G,A A,C A,A A,C C,A G,A A,G A,A A,A G,A A,A A,A G,A A,G G,C
176,TRAIN_176,0,0,0,2,G G,A G,C C,A A,A A,A G,A A,G A,A A,A G,A A,A A,G G,A A,G A,C
177,TRAIN_177,0,0,0,1,A A,G G,A A,G G,A A,G G,G G,A A,G G,A G,A G,G G,G G,C A,G G,A
178,TRAIN_178,0,0,0,2,A G,A G,A A,A A,A A,A A,G A,G G,A A,A G,A A,A A,A G,A A,A A,C
179,TRAIN_179,0,0,0,1,A G,G G,A A,G A,C A,A G,G A,A A,G A,A G,A G,G G,G G,C C,G G,A
180,TRAIN_180,0,0,0,1,A A,G G,A A,G A,C A,A G,G A,A A,A A,A G,G G,G G,G G,C C,A A,A
181,TRAIN_181,0,0,0,2,G G,A A,A A,A A,C C,A A,A A,A A,A A,A G,A G,A A,A A,C A,A A,C
182,TRAIN_182,0,0,0,1,A A,G G,A A,G A,A A,A G,G A,A A,G A,A A,G G,G G,A G,C C,G G,A
183,TRAIN_183,0,0,0,2,A G,A A,A A,A A,C A,A G,A A,A A,A A,A G,A G,G A,G G,A A,G A,C
184,TRAIN_184,0,0,0,2,A G,A A,C A,G A,A A,A A,G A,G G,A A,G G,A G,A A,A G,C A,A A,C
185,TRAIN_185,0,0,0,2,A G,A A,A A,A A,C C,A A,A A,G G,A A,G G,A A,A A,A G,A A,A A,B
186,TRAIN_186,0,0,0,2,A G,A G,C A,A A,C C,A G,A A,G G,A A,G G,G G,G A,A A,A A,A A,B
187,TRAIN_187,0,0,0,2,G G,A G,A A,A A,C A,A A,A A,G A,A A,G G,A A,G G,G G,A A,A A,C
188,TRAIN_188,0,0,0,2,G G,G G,C C,A A,C A,A G,A A,G G,A A,G G,A A,G G,A A,A A,A A,B
189,TRAIN_189,0,0,0,2,G G,A A,C A,A A,A A,A G,A A,G A,A A,A G,A A,A A,A G,A A,A A,C
190,TRAIN_190,0,0,0,2,G G,A A,A A,G A,C A,A G,G A,G A,A A,G G,A A,A A,A G,C A,A A,C
191,TRAIN_191,0,0,0,2,G G,A G,A A,A A,C C,A A,A A,G G,A A,G G,A G,A A,A G,A A,G A,B
192,TRAIN_192,0,0,0,2,G G,A G,A A,A A,C C,A G,A A,A A,A A,G G,G G,A A,A G,A A,A A,B
193,TRAIN_193,0,0,0,2,G G,A G,C C,G A,C C,A A,A A,G G,A A,G G,A G,A A,A A,A A,A A,B
194,TRAIN_194,0,0,0,1,A A,G G,A A,G G,A A,G G,G G,A A,G G,A G,A G,G G,G G,C A,G G,A
195,TRAIN_195,0,0,0,2,G G,A G,C A,G A,C C,G G,A A,G A,A A,G G,A A,A A,A G,A A,A A,B
196,TRAIN_196,0,0,0,2,A G,A A,C A,G A,C A,G G,A A,G G,A A,G G,A A,A A,A A,A A,A A,B
197,TRAIN_197,0,0,0,2,G G,A A,A A,G A,C A,G G,A A,G A,A A,G G,A A,A A,A G,C C,G A,C
198,TRAIN_198,0,0,0,2,G G,A G,C A,A A,C C,A A,A A,G G,G A,G G,G G,A A,A G,A A,G A,B
199,TRAIN_199,0,0,0,2,G G,A A,C A,A A,C A,A A,G A,G A,A A,G G,G G,G A,A G,A A,A A,C
200,TRAIN_200,0,0,0,1,A G,G G,A A,G G,A A,G G,G G,A A,G G,A G,A G,G A,G G,C A,A A,A
201,TRAIN_201,0,0,0,2,G G,G G,A A,A A,C C,G G,A A,A A,G G,G G,A A,G A,A G,A A,A A,B
202,TRAIN_202,0,0,0,1,A A,G G,A A,G G,A A,G G,G G,A A,G A,A A,A G,G G,G G,C A,G G,A
203,TRAIN_203,0,0,0,2,G G,A A,C A,A A,C C,A A,A A,G G,A A,G G,G G,G A,A G,A A,G A,B
204,TRAIN_204,0,0,0,1,A A,G G,A A,G A,A A,G G,G G,A A,G A,A G,G G,G G,G G,A A,G G,A
205,TRAIN_205,0,0,0,2,A G,A G,C A,A A,C A,A G,A A,G A,A A,G G,G G,G A,G G,A A,G A,C
206,TRAIN_206,0,0,0,2,G G,A G,C A,A A,A A,A A,G A,G G,A A,G G,A A,A A,A G,A A,A A,C
207,TRAIN_207,0,0,0,2,G G,A G,C A,G G,C A,G G,A A,G A,G A,G G,A G,A A,A G,A A,A A,B
208,TRAIN_208,0,0,0,2,G G,A A,C A,A A,A A,A G,A A,G G,A A,G G,A A,A A,A G,C A,G G,C
209,TRAIN_209,0,0,0,2,A G,A A,C C,G G,C A,A G,A A,G G,A A,G G,A G,G A,A G,A A,A A,B
210,TRAIN_210,0,0,0,2,G G,G G,C C,A A,A A,A G,A A,G A,A A,A G,A A,G A,G G,A A,G A,C
211,TRAIN_211,0,0,0,2,A G,A G,C A,A A,C C,A G,A A,G A,G A,G G,A G,G A,A A,A A,A A,B
212,TRAIN_212,0,0,0,1,A A,G G,A A,G A,C A,A G,G A,A A,G A,G G,A G,G A,G G,A A,G A,A
213,TRAIN_213,0,0,0,1,A A,G G,A A,G G,A A,G G,G G,A A,G G,A G,G G,G A,G G,C A,G G,A
214,TRAIN_214,0,0,0,2,G G,A A,C C,A A,C C,A G,A A,G G,A A,G G,A A,A A,A G,A A,G A,B
215,TRAIN_215,0,0,0,2,A G,A G,C C,A A,A A,A G,A A,G A,A A,G G,A A,G A,A G,C A,A A,C
217,TRAIN_217,0,0,0,1,A G,G G,A A,G A,A A,A G,G G,A A,G G,A A,G G,G G,G G,C A,G A,A
218,TRAIN_218,0,0,0,2,G G,A G,A A,A A,C A,G G,A A,G A,A A,A A,A A,A A,G G,A A,G A,C
219,TRAIN_219,0,0,0,2,G G,G G,C C,G G,C A,G G,A A,G G,A A,G G,A G,A A,G G,A A,A A,B
220,TRAIN_220,0,0,0,1,A G,G G,A A,G G,A A,G G,G G,A A,G G,A A,G G,G G,G G,C A,G G,A
221,TRAIN_221,0,0,0,2,A G,A G,C C,A A,C C,A A,A A,G G,A A,G G,G G,A A,A A,A A,A A,B
222,TRAIN_222,0,0,0,2,G G,G G,C A,A A,C C,A G,A A,G A,A A,G G,G G,G A,A A,A A,A A,B
223,TRAIN_223,0,0,0,2,G G,A G,C A,G A,C C,G G,A A,G A,A A,G G,G G,A A,A G,A A,A A,B
224,TRAIN_224,0,0,0,1,A G,A G,A A,G G,C A,A G,G A,A A,G A,A G,G G,G G,G G,C C,G G,A
225,TRAIN_225,0,0,0,2,G G,A A,A A,G A,C C,A G,A A,A A,G A,G G,A A,A A,A A,A A,G A,B
226,TRAIN_226,0,0,0,2,G G,A G,C A,G G,C C,G G,A A,G A,A A,G G,A G,A A,A A,A A,G A,B
227,TRAIN_227,0,0,0,2,G G,G G,C A,G A,C C,A A,A A,G A,A A,G G,A G,G G,A G,A A,G A,B
228,TRAIN_228,0,0,0,2,A G,A G,C A,A A,C C,A G,A A,G G,A A,G G,A G,A A,A A,A A,A A,B
229,TRAIN_229,0,0,0,1,A A,G G,A A,G G,A A,G G,G G,A A,G A,A G,G G,G G,G G,C C,G A,A
230,TRAIN_230,0,0,0,2,G G,A A,C C,A A,C A,A A,G A,G A,A A,A G,A G,G A,G G,A A,G A,C
231,TRAIN_231,0,0,0,2,G G,A G,C C,A A,A A,A G,G A,G A,A A,A G,A G,A A,A G,A A,G A,C
232,TRAIN_232,0,0,0,2,A G,A G,A A,G G,C C,G G,G A,G G,A A,G G,A G,G A,A G,A A,A A,B
233,TRAIN_233,0,0,0,2,G G,G G,A A,A A,C A,A A,A A,A A,A A,A G,A A,A A,G G,A A,G A,C
234,TRAIN_234,0,0,0,2,G G,A G,C A,G A,C C,A G,A A,G A,A A,A G,A G,A A,A A,A A,A A,B
235,TRAIN_235,0,0,0,2,G G,A G,C A,A A,C A,A G,A A,A A,A A,A A,A G,A A,A G,A A,A A,C
236,TRAIN_236,0,0,0,2,A G,A G,C C,G A,C A,A G,A A,G G,G A,G G,A G,A A,G G,A A,A A,B
238,TRAIN_238,0,0,0,2,A G,A G,C C,A A,A A,A G,A A,G A,A A,A G,A A,A A,A G,A A,A A,C
239,TRAIN_239,0,0,0,1,A A,G G,A A,G A,A A,G G,G G,A A,G G,A G,A G,G A,G G,C A,G A,A
240,TRAIN_240,0,0,0,1,A A,G G,A A,G A,A A,G G,G G,A A,G G,A G,G G,G G,G G,A A,G G,A
241,TRAIN_241,0,0,0,2,A G,A G,A A,A A,A A,A G,G A,G A,A A,A G,A G,A A,G G,A A,G A,C
242,TRAIN_242,0,0,0,2,G G,A G,C A,A A,C A,A G,A A,G A,A A,A G,A A,A A,G G,A A,G G,C
243,TRAIN_243,0,0,0,2,A G,G G,A A,G A,C C,A G,A A,G A,A A,G G,A G,A A,A G,A A,G A,B
244,TRAIN_244,0,0,0,2,G G,A G,A A,G A,C A,A G,A A,G G,A A,G G,A G,A A,A G,A A,A A,B
245,TRAIN_245,0,0,0,2,G G,G G,C C,G A,C A,A A,A A,G G,A A,G G,A G,G G,A A,A A,A A,B
246,TRAIN_246,0,0,0,1,A G,G G,A A,G G,A A,G G,G G,A A,G A,A G,G G,G G,G G,C C,G G,A
247,TRAIN_247,0,0,0,2,G G,A G,A A,A A,C C,A G,A A,G G,A A,G G,A G,G A,A G,A A,G G,B
248,TRAIN_248,0,0,0,1,A G,G G,A A,G G,A A,G G,G G,A A,G G,A G,G G,G G,G G,C A,G A,A
249,TRAIN_249,0,0,0,2,G G,A G,C A,G A,C C,G G,A A,A A,A A,G G,A G,A A,A A,A A,G A,B
250,TRAIN_250,0,0,0,1,A G,G G,A A,G G,A A,G G,G G,A A,G G,A A,G G,G G,G G,A A,G A,A
251,TRAIN_251,0,0,0,2,G G,A A,C C,A A,A A,A A,A A,G G,A A,G G,A G,G A,G G,A A,G A,C
252,TRAIN_252,0,0,0,2,G G,A G,C A,A A,C A,A A,A A,G G,A A,G G,A G,A A,A G,A A,A A,B
253,TRAIN_253,0,0,0,1,A A,G G,A A,G G,A A,G G,G G,G A,G A,A A,G G,A A,G G,A A,G G,A
254,TRAIN_254,0,0,0,2,A G,A G,C A,A A,C A,A G,A A,G G,A A,G G,A G,G A,A G,A A,A A,B
256,TRAIN_256,0,0,0,2,G G,G G,C A,G A,C C,A G,A A,G G,A A,G G,A G,G A,A A,A A,A A,B
257,TRAIN_257,0,0,0,2,A G,A G,A A,G A,C C,A G,A A,G A,A A,G G,A G,G A,A A,A A,A A,B
258,TRAIN_258,0,0,0,2,G G,A A,C A,A A,A A,A G,G A,G A,A A,A G,A G,A A,A G,A A,G A,C
259,TRAIN_259,0,0,0,1,A G,G G,A A,G A,A A,A G,G G,G A,G A,A A,G G,G G,G G,C A,G G,A
260,TRAIN_260,0,0,0,1,A A,G G,A A,G A,A A,G G,G G,A A,G A,A G,A G,G A,G G,C A,G G,A
261,TRAIN_261,0,0,0,2,G G,A G,C A,G G,C C,A G,A A,A A,A A,G G,A A,A A,G G,A A,G A,B
